Titre,Lien,Publié le,Date limite,Localisation,Description
AGENT COMMERCIAL,https://www.agenceemploijeunes.ci/site/offres-emplois/43145,22 11 2024,10 12 2024,BINGERVILL.,PROSPECTION ; ACQUISITION DE NOUVEAU CLIENT NEGOCIATION ET CONCLUSION DE VENTE ELABORATION D'OFFRE COMMERCIALE FIDELISATION DES CLIENTS
AGENT COMMERCIAL,https://www.agenceemploijeunes.ci/site/offres-emplois/43144,22 11 2024,10 12 2024,BINGERVILL.,PROSPECTION ; ACQUISITION DE NOUVEAU CLIENT NEGOCIATION ET CONCLUSION DE VENTE ELABORATION D'OFFRE COMMERCIALE FIDELISATION DES CLIENTS
STAGIAIRE SECRETAIRE,https://www.agenceemploijeunes.ci/site/offres-emplois/43143,22 11 2024,10 12 2024,BINGERVILL.,PROSPECTION ; ACQUISITION DE NOUVEAU CLIENT NEGOCIATION ET CONCLUSION DE VENTE ELABORATION D'OFFRE COMMERCIALE FIDELISATION DES CLIENTS
stagiaire en assistanat de direction,https://www.agenceemploijeunes.ci/site/offres-emplois/43142,22 11 2024,10 12 2024,BINGERVILL.,PROSPECTION ; ACQUISITION DE NOUVEAU CLIENT NEGOCIATION ET CONCLUSION DE VENTE ELABORATION D'OFFRE COMMERCIALE FIDELISATION DES CLIENTS
STAGIAIRE COMMERCIAL,https://www.agenceemploijeunes.ci/site/offres-emplois/43141,22 11 2024,10 12 2024,BINGERVILL.,PROSPECTION ; ACQUISITION DE NOUVEAU CLIENT NEGOCIATION ET CONCLUSION DE VENTE ELABORATION D'OFFRE COMMERCIALE FIDELISATION DES CLIENTS
SECRETAIRE-COMPTABLE,https://www.agenceemploijeunes.ci/site/offres-emplois/43137,22 11 2024,10 12 2024,BINGERVILL.,PROSPECTION ; ACQUISITION DE NOUVEAU CLIENT NEGOCIATION ET CONCLUSION DE VENTE ELABORATION D'OFFRE COMMERCIALE FIDELISATION DES CLIENTS
AGENT D'AIDE,https://www.agenceemploijeunes.ci/site/offres-emplois/43126,22 11 2024,10 12 2024,BINGERVILL.,PROSPECTION ; ACQUISITION DE NOUVEAU CLIENT NEGOCIATION ET CONCLUSION DE VENTE ELABORATION D'OFFRE COMMERCIALE FIDELISATION DES CLIENTS
SELECTION DE 2012 JEUNES DANS LE CADRE DES TRAVAUX A HAUTE INTENSITE DE MAIN D’ŒUVRE (THIMO),https://www.agenceemploijeunes.ci/site/offres-emplois/43125,22 11 2024,10 12 2024,BINGERVILL.,PROSPECTION ; ACQUISITION DE NOUVEAU CLIENT NEGOCIATION ET CONCLUSION DE VENTE ELABORATION D'OFFRE COMMERCIALE FIDELISATION DES CLIENTS
STAGIAIRE CAISSIERE,https://www.agenceemploijeunes.ci/site/offres-emplois/43122,22 11 2024,10 12 2024,BINGERVILL.,PROSPECTION ; ACQUISITION DE NOUVEAU CLIENT NEGOCIATION ET CONCLUSION DE VENTE ELABORATION D'OFFRE COMMERCIALE FIDELISATION DES CLIENTS
STAGIAIRE CAISSIERE,https://www.agenceemploijeunes.ci/site/offres-emplois/43121,22 11 2024,10 12 2024,BINGERVILL.,PROSPECTION ; ACQUISITION DE NOUVEAU CLIENT NEGOCIATION ET CONCLUSION DE VENTE ELABORATION D'OFFRE COMMERCIALE FIDELISATION DES CLIENTS
STAGIAIRE ASSISTANTE DE DIRECTION,https://www.agenceemploijeunes.ci/site/offres-emplois/43120,22 11 2024,28 11 2024,COCODY CAR.,"-Accueillir une clientèle · - Filtrer des appels téléphoniques  -Organiser le planning d'un responsable, collaborateur  -Rédig..."
STAGIAIRE GESTIONNAIRE DE POINT DE VENTE FIXE,https://www.agenceemploijeunes.ci/site/offres-emplois/43119,22 11 2024,28 11 2024,COCODY CAR.,"-Accueillir une clientèle · - Filtrer des appels téléphoniques  -Organiser le planning d'un responsable, collaborateur  -Rédig..."
STAGIAIRE CHARGE DES VENTES DIGITALE,https://www.agenceemploijeunes.ci/site/offres-emplois/43118,22 11 2024,28 11 2024,COCODY CAR.,"-Accueillir une clientèle · - Filtrer des appels téléphoniques  -Organiser le planning d'un responsable, collaborateur  -Rédig..."
SECRETAIRE,https://www.agenceemploijeunes.ci/site/offres-emplois/43114,22 11 2024,28 11 2024,COCODY CAR.,"-Accueillir une clientèle · - Filtrer des appels téléphoniques  -Organiser le planning d'un responsable, collaborateur  -Rédig..."
ASSISTANTE COMPTABLE,https://www.agenceemploijeunes.ci/site/offres-emplois/43113,22 11 2024,28 11 2024,COCODY CAR.,"-Accueillir une clientèle · - Filtrer des appels téléphoniques  -Organiser le planning d'un responsable, collaborateur  -Rédig..."
CHARGE DE MARKETING DIGITAL,https://www.agenceemploijeunes.ci/site/offres-emplois/43112,22 11 2024,28 11 2024,COCODY CAR.,"-Accueillir une clientèle · - Filtrer des appels téléphoniques  -Organiser le planning d'un responsable, collaborateur  -Rédig..."
COMMERCIAL,https://www.agenceemploijeunes.ci/site/offres-emplois/43111,22 11 2024,28 11 2024,COCODY CAR.,"-Accueillir une clientèle · - Filtrer des appels téléphoniques  -Organiser le planning d'un responsable, collaborateur  -Rédig..."
juriste,https://www.agenceemploijeunes.ci/site/offres-emplois/43110,22 11 2024,28 11 2024,COCODY CAR.,"-Accueillir une clientèle · - Filtrer des appels téléphoniques  -Organiser le planning d'un responsable, collaborateur  -Rédig..."
COMMERCIAL,https://www.agenceemploijeunes.ci/site/offres-emplois/43109,22 11 2024,28 11 2024,COCODY CAR.,"-Accueillir une clientèle · - Filtrer des appels téléphoniques  -Organiser le planning d'un responsable, collaborateur  -Rédig..."
STAGIAIRE RHCOM,https://www.agenceemploijeunes.ci/site/offres-emplois/43108,22 11 2024,28 11 2024,COCODY CAR.,"-Accueillir une clientèle · - Filtrer des appels téléphoniques  -Organiser le planning d'un responsable, collaborateur  -Rédig..."
GESTION CLIENTELE,https://www.agenceemploijeunes.ci/site/offres-emplois/43107,22 11 2024,28 11 2024,COCODY 2 P.,ASSURER LA MISE EN GESTION ET LE SUIVI DES BIENS  -RÉDIGER LES COURRIERS -COLLECTER ET VIELLER A L’EXÉCUTION DES -RECOUCHEMENT
HSE,https://www.agenceemploijeunes.ci/site/offres-emplois/43105,22 11 2024,28 11 2024,COCODY 2 P.,ASSURER LA MISE EN GESTION ET LE SUIVI DES BIENS  -RÉDIGER LES COURRIERS -COLLECTER ET VIELLER A L’EXÉCUTION DES -RECOUCHEMENT
STAGIAIRE MAKETING DIGITAL ET COMMUNICATION,https://www.agenceemploijeunes.ci/site/offres-emplois/43104,22 11 2024,28 11 2024,COCODY 2 P.,ASSURER LA MISE EN GESTION ET LE SUIVI DES BIENS  -RÉDIGER LES COURRIERS -COLLECTER ET VIELLER A L’EXÉCUTION DES -RECOUCHEMENT
ASSISTANT RESSOURCE HUMAINE,https://www.agenceemploijeunes.ci/site/offres-emplois/43102,22 11 2024,28 11 2024,COCODY 2 P.,ASSURER LA MISE EN GESTION ET LE SUIVI DES BIENS  -RÉDIGER LES COURRIERS -COLLECTER ET VIELLER A L’EXÉCUTION DES -RECOUCHEMENT
STAGIAIRES EN TAPISSERIE,https://www.agenceemploijeunes.ci/site/offres-emplois/43101,22 11 2024,28 11 2024,COCODY 2 P.,ASSURER LA MISE EN GESTION ET LE SUIVI DES BIENS  -RÉDIGER LES COURRIERS -COLLECTER ET VIELLER A L’EXÉCUTION DES -RECOUCHEMENT
aide soignante,https://www.agenceemploijeunes.ci/site/offres-emplois/43097,22 11 2024,28 11 2024,COCODY 2 P.,ASSURER LA MISE EN GESTION ET LE SUIVI DES BIENS  -RÉDIGER LES COURRIERS -COLLECTER ET VIELLER A L’EXÉCUTION DES -RECOUCHEMENT
Vendeur(se)/ Gestionnaire de caisse,https://www.agenceemploijeunes.ci/site/offres-emplois/43096,22 11 2024,28 11 2024,COCODY 2 P.,ASSURER LA MISE EN GESTION ET LE SUIVI DES BIENS  -RÉDIGER LES COURRIERS -COLLECTER ET VIELLER A L’EXÉCUTION DES -RECOUCHEMENT
STAGIAIRE ASSISTANTE COORDINATRICE,https://www.agenceemploijeunes.ci/site/offres-emplois/43095,22 11 2024,28 11 2024,COCODY 2 P.,ASSURER LA MISE EN GESTION ET LE SUIVI DES BIENS  -RÉDIGER LES COURRIERS -COLLECTER ET VIELLER A L’EXÉCUTION DES -RECOUCHEMENT
VENDEUR PROMOTEUR,https://www.agenceemploijeunes.ci/site/offres-emplois/43094,22 11 2024,28 11 2024,COCODY 2 P.,ASSURER LA MISE EN GESTION ET LE SUIVI DES BIENS  -RÉDIGER LES COURRIERS -COLLECTER ET VIELLER A L’EXÉCUTION DES -RECOUCHEMENT
STAGIAIRE RECEPTIONNISTE,https://www.agenceemploijeunes.ci/site/offres-emplois/43093,22 11 2024,28 11 2024,COCODY 2 P.,ASSURER LA MISE EN GESTION ET LE SUIVI DES BIENS  -RÉDIGER LES COURRIERS -COLLECTER ET VIELLER A L’EXÉCUTION DES -RECOUCHEMENT
STAGIAIRE CHARGE DE CLIENTELE,https://www.agenceemploijeunes.ci/site/offres-emplois/43092,20 11 2024,29 11 2024,ABOBO,"ACCUEILLIR, ORIENTER ET INFORMER LES CLIENTS SUR LES ACTIVITES DE L'ENTREPRISE"
STAGIAIRE GESTIONNAIRE DE PORTEFEUILLE,https://www.agenceemploijeunes.ci/site/offres-emplois/43091,20 11 2024,29 11 2024,ABOBO,"ACCUEILLIR, ORIENTER ET INFORMER LES CLIENTS SUR LES ACTIVITES DE L'ENTREPRISE"
STAGIAIRE COMMERCIAL,https://www.agenceemploijeunes.ci/site/offres-emplois/43090,20 11 2024,29 11 2024,ABOBO,"ACCUEILLIR, ORIENTER ET INFORMER LES CLIENTS SUR LES ACTIVITES DE L'ENTREPRISE"
STAGIAIRE EN GESTION DES COLLECTIVITES TERRITORIALES,https://www.agenceemploijeunes.ci/site/offres-emplois/43089,20 11 2024,29 11 2024,ABOBO,"ACCUEILLIR, ORIENTER ET INFORMER LES CLIENTS SUR LES ACTIVITES DE L'ENTREPRISE"
STAGIAIRE ASSISTANT RESSOURCES HUMAINES,https://www.agenceemploijeunes.ci/site/offres-emplois/43088,20 11 2024,29 11 2024,ABOBO,"ACCUEILLIR, ORIENTER ET INFORMER LES CLIENTS SUR LES ACTIVITES DE L'ENTREPRISE"
STAGIAIRE COMMERCIAL,https://www.agenceemploijeunes.ci/site/offres-emplois/43086,20 11 2024,29 11 2024,ABOBO,"ACCUEILLIR, ORIENTER ET INFORMER LES CLIENTS SUR LES ACTIVITES DE L'ENTREPRISE"
Stagiaire Assistante de Direction,https://www.agenceemploijeunes.ci/site/offres-emplois/43085,20 11 2024,29 11 2024,ABOBO,"ACCUEILLIR, ORIENTER ET INFORMER LES CLIENTS SUR LES ACTIVITES DE L'ENTREPRISE"
STAGIAIRE COMMERCIALE,https://www.agenceemploijeunes.ci/site/offres-emplois/43084,20 11 2024,29 11 2024,ABOBO,"ACCUEILLIR, ORIENTER ET INFORMER LES CLIENTS SUR LES ACTIVITES DE L'ENTREPRISE"
STAGIAIRE ASSISTANT EN QUALITE,https://www.agenceemploijeunes.ci/site/offres-emplois/43083,20 11 2024,29 11 2024,ABOBO,"ACCUEILLIR, ORIENTER ET INFORMER LES CLIENTS SUR LES ACTIVITES DE L'ENTREPRISE"
ASAHSARL,https://www.agenceemploijeunes.ci/site/offres-emplois/43082,20 11 2024,29 11 2024,ABOBO,"ACCUEILLIR, ORIENTER ET INFORMER LES CLIENTS SUR LES ACTIVITES DE L'ENTREPRISE"
SUPPORT OPERATIONNEL DE VOL,https://www.agenceemploijeunes.ci/site/offres-emplois/43079,21 11 2024,25 11 2024,DALOA / TO.,"SOUS LA DIRECTION DU MAITRE DE STAGE,LE STAGIAIRE AURA POUR ATTRIBUTIONS : Aider au chargement de paquet dans les drones  Faire l'assembl..."
STAGIAIRE GESTIONNAIRE DES COLLECTIVITES TERRITORIAL,https://www.agenceemploijeunes.ci/site/offres-emplois/43078,21 11 2024,25 11 2024,DALOA / TO.,"SOUS LA DIRECTION DU MAITRE DE STAGE,LE STAGIAIRE AURA POUR ATTRIBUTIONS : Aider au chargement de paquet dans les drones  Faire l'assembl..."
STAGIAIRE GESTIONNAIRE ENVIRONNEMENTALISTE,https://www.agenceemploijeunes.ci/site/offres-emplois/43077,21 11 2024,25 11 2024,DALOA / TO.,"SOUS LA DIRECTION DU MAITRE DE STAGE,LE STAGIAIRE AURA POUR ATTRIBUTIONS : Aider au chargement de paquet dans les drones  Faire l'assembl..."
STAGIAIRE EN ASSISTANAT DE DIRECTION,https://www.agenceemploijeunes.ci/site/offres-emplois/43076,21 11 2024,25 11 2024,DALOA / TO.,"SOUS LA DIRECTION DU MAITRE DE STAGE,LE STAGIAIRE AURA POUR ATTRIBUTIONS : Aider au chargement de paquet dans les drones  Faire l'assembl..."
STAGIAIRE EN FINANCE COMPTABILITE,https://www.agenceemploijeunes.ci/site/offres-emplois/43075,21 11 2024,25 11 2024,DALOA / TO.,"SOUS LA DIRECTION DU MAITRE DE STAGE,LE STAGIAIRE AURA POUR ATTRIBUTIONS : Aider au chargement de paquet dans les drones  Faire l'assembl..."
STAGIAIRE EN DROIT PUBLIC/DROIT DES CARRIERES,https://www.agenceemploijeunes.ci/site/offres-emplois/43074,21 11 2024,25 11 2024,DALOA / TO.,"SOUS LA DIRECTION DU MAITRE DE STAGE,LE STAGIAIRE AURA POUR ATTRIBUTIONS : Aider au chargement de paquet dans les drones  Faire l'assembl..."
STAGIAIRE EN RESSORCES HUMAINES ET COMMUNICATION,https://www.agenceemploijeunes.ci/site/offres-emplois/43073,21 11 2024,25 11 2024,DALOA / TO.,"SOUS LA DIRECTION DU MAITRE DE STAGE,LE STAGIAIRE AURA POUR ATTRIBUTIONS : Aider au chargement de paquet dans les drones  Faire l'assembl..."
STAGIAIRE EN AGRICULTURE,https://www.agenceemploijeunes.ci/site/offres-emplois/43072,21 11 2024,25 11 2024,DALOA / TO.,"SOUS LA DIRECTION DU MAITRE DE STAGE,LE STAGIAIRE AURA POUR ATTRIBUTIONS : Aider au chargement de paquet dans les drones  Faire l'assembl..."
STAGIAIRE EN COMMUNICATION DIGITALE,https://www.agenceemploijeunes.ci/site/offres-emplois/43071,21 11 2024,25 11 2024,DALOA / TO.,"SOUS LA DIRECTION DU MAITRE DE STAGE,LE STAGIAIRE AURA POUR ATTRIBUTIONS : Aider au chargement de paquet dans les drones  Faire l'assembl..."
STAGIAIRE EN INFORMATIQUE,https://www.agenceemploijeunes.ci/site/offres-emplois/43070,21 11 2024,25 11 2024,DALOA / TO.,"SOUS LA DIRECTION DU MAITRE DE STAGE,LE STAGIAIRE AURA POUR ATTRIBUTIONS : Aider au chargement de paquet dans les drones  Faire l'assembl..."
STAGIAIRE HYGIENE SECURITE ENVIRONNEMENT (HSE),https://www.agenceemploijeunes.ci/site/offres-emplois/43069,19 11 2024,26 11 2024,DABOU,SUIVI ET ANALYSE DFES CAUSES DU FOMES EN PLANTATION VILLAGEOISE;
STAGIAIRE COMMERCIAL,https://www.agenceemploijeunes.ci/site/offres-emplois/43067,19 11 2024,26 11 2024,DABOU,SUIVI ET ANALYSE DFES CAUSES DU FOMES EN PLANTATION VILLAGEOISE;
STAGIAIRE PATISSIER,https://www.agenceemploijeunes.ci/site/offres-emplois/43066,19 11 2024,26 11 2024,DABOU,SUIVI ET ANALYSE DFES CAUSES DU FOMES EN PLANTATION VILLAGEOISE;
STAGIAIRE RHCOM,https://www.agenceemploijeunes.ci/site/offres-emplois/43065,19 11 2024,26 11 2024,DABOU,SUIVI ET ANALYSE DFES CAUSES DU FOMES EN PLANTATION VILLAGEOISE;
STAGIAIRE PLOMBIER,https://www.agenceemploijeunes.ci/site/offres-emplois/43064,19 11 2024,26 11 2024,DABOU,SUIVI ET ANALYSE DFES CAUSES DU FOMES EN PLANTATION VILLAGEOISE;
ASSISTANTE COMMERCIALE,https://www.agenceemploijeunes.ci/site/offres-emplois/43063,19 11 2024,26 11 2024,DABOU,SUIVI ET ANALYSE DFES CAUSES DU FOMES EN PLANTATION VILLAGEOISE;
COMPTABLE,https://www.agenceemploijeunes.ci/site/offres-emplois/43061,19 11 2024,26 11 2024,DABOU,SUIVI ET ANALYSE DFES CAUSES DU FOMES EN PLANTATION VILLAGEOISE;
AGENT DE BUREAU,https://www.agenceemploijeunes.ci/site/offres-emplois/43060,19 11 2024,26 11 2024,DABOU,SUIVI ET ANALYSE DFES CAUSES DU FOMES EN PLANTATION VILLAGEOISE;
STAGIAIRE RHCOM,https://www.agenceemploijeunes.ci/site/offres-emplois/43059,19 11 2024,26 11 2024,DABOU,SUIVI ET ANALYSE DFES CAUSES DU FOMES EN PLANTATION VILLAGEOISE;
ASSISTANTE COMMERCIALE,https://www.agenceemploijeunes.ci/site/offres-emplois/43058,19 11 2024,26 11 2024,DABOU,SUIVI ET ANALYSE DFES CAUSES DU FOMES EN PLANTATION VILLAGEOISE;
STAGIAIRE EN INFORMATIQUE,https://www.agenceemploijeunes.ci/site/offres-emplois/43057,19 11 2024,26 11 2024,YAMOUSSOUK.,- MAINTENANCE DES ORDINATEURS - CONCEPTION DE LOGICIEL DE GESTION DES ARCHIVES - ELABORATION DE PROSPECTUS
STAGIAIRE EN TOURISME ET HOTELLERIE,https://www.agenceemploijeunes.ci/site/offres-emplois/43056,19 11 2024,26 11 2024,YAMOUSSOUK.,- MAINTENANCE DES ORDINATEURS - CONCEPTION DE LOGICIEL DE GESTION DES ARCHIVES - ELABORATION DE PROSPECTUS
RECEPTIONNISTE,https://www.agenceemploijeunes.ci/site/offres-emplois/43055,19 11 2024,26 11 2024,YAMOUSSOUK.,- MAINTENANCE DES ORDINATEURS - CONCEPTION DE LOGICIEL DE GESTION DES ARCHIVES - ELABORATION DE PROSPECTUS
CONSEILLER TECHNIQUE EN MÉCANIQUE,https://www.agenceemploijeunes.ci/site/offres-emplois/43054,19 11 2024,26 11 2024,YAMOUSSOUK.,- MAINTENANCE DES ORDINATEURS - CONCEPTION DE LOGICIEL DE GESTION DES ARCHIVES - ELABORATION DE PROSPECTUS
ANIMATEUR RÉSEAU DE VENTE DE VÉHICULE,https://www.agenceemploijeunes.ci/site/offres-emplois/43053,19 11 2024,26 11 2024,YAMOUSSOUK.,- MAINTENANCE DES ORDINATEURS - CONCEPTION DE LOGICIEL DE GESTION DES ARCHIVES - ELABORATION DE PROSPECTUS
STAGIAIRE ASSISTANAT DE DIRECTION,https://www.agenceemploijeunes.ci/site/offres-emplois/43052,19 11 2024,26 11 2024,YAMOUSSOUK.,- MAINTENANCE DES ORDINATEURS - CONCEPTION DE LOGICIEL DE GESTION DES ARCHIVES - ELABORATION DE PROSPECTUS
CUSINIER(E),https://www.agenceemploijeunes.ci/site/offres-emplois/43048,19 11 2024,26 11 2024,YAMOUSSOUK.,- MAINTENANCE DES ORDINATEURS - CONCEPTION DE LOGICIEL DE GESTION DES ARCHIVES - ELABORATION DE PROSPECTUS
AGENTS COMMERCIAUX,https://www.agenceemploijeunes.ci/site/offres-emplois/43046,19 11 2024,26 11 2024,YAMOUSSOUK.,- MAINTENANCE DES ORDINATEURS - CONCEPTION DE LOGICIEL DE GESTION DES ARCHIVES - ELABORATION DE PROSPECTUS
CHARGE DE RECOUVREMENT,https://www.agenceemploijeunes.ci/site/offres-emplois/43045,19 11 2024,26 11 2024,YAMOUSSOUK.,- MAINTENANCE DES ORDINATEURS - CONCEPTION DE LOGICIEL DE GESTION DES ARCHIVES - ELABORATION DE PROSPECTUS
CHARGE DE MARKETING,https://www.agenceemploijeunes.ci/site/offres-emplois/43044,19 11 2024,26 11 2024,YAMOUSSOUK.,- MAINTENANCE DES ORDINATEURS - CONCEPTION DE LOGICIEL DE GESTION DES ARCHIVES - ELABORATION DE PROSPECTUS
CHARGE D'ACCUEIL,https://www.agenceemploijeunes.ci/site/offres-emplois/43043,20 11 2024,26 11 2024,SAN PEDRO,Orienter les usagers Donner les premières informations
STAGIAIRE INFIRMIERE,https://www.agenceemploijeunes.ci/site/offres-emplois/43042,20 11 2024,26 11 2024,SAN PEDRO,Orienter les usagers Donner les premières informations
STAGIAIRE ASSISTANTE DE DIRECTION,https://www.agenceemploijeunes.ci/site/offres-emplois/43041,20 11 2024,26 11 2024,SAN PEDRO,Orienter les usagers Donner les premières informations
ASSISTANT PRODUCTION VEGETALE,https://www.agenceemploijeunes.ci/site/offres-emplois/43040,20 11 2024,26 11 2024,SAN PEDRO,Orienter les usagers Donner les premières informations
TECHNICIEN SUPERIEUR DU TOURISME,https://www.agenceemploijeunes.ci/site/offres-emplois/43039,20 11 2024,26 11 2024,SAN PEDRO,Orienter les usagers Donner les premières informations
ASSISTANT QUALITE ET PRODUCTION,https://www.agenceemploijeunes.ci/site/offres-emplois/43038,20 11 2024,26 11 2024,SAN PEDRO,Orienter les usagers Donner les premières informations
STAGIAIRE COMMERCIAL,https://www.agenceemploijeunes.ci/site/offres-emplois/43037,20 11 2024,26 11 2024,SAN PEDRO,Orienter les usagers Donner les premières informations
"STAGIAIRE EN MINE, GEOLOGIE ET PETROLE",https://www.agenceemploijeunes.ci/site/offres-emplois/43036,20 11 2024,26 11 2024,SAN PEDRO,Orienter les usagers Donner les premières informations
CAISSIER (E),https://www.agenceemploijeunes.ci/site/offres-emplois/43035,20 11 2024,26 11 2024,SAN PEDRO,Orienter les usagers Donner les premières informations
ASSISTANTE RH,https://www.agenceemploijeunes.ci/site/offres-emplois/43033,20 11 2024,26 11 2024,SAN PEDRO,Orienter les usagers Donner les premières informations
STAGIAIRE COMMERCIAL,https://www.agenceemploijeunes.ci/site/offres-emplois/43032,19 11 2024,29 11 2024,BOUAKE,"SOUS LA SUPERVISION DE SON SUPERIEUR HIERACHIQUE , LE STAGIAIRE SERA CHARGE DE : -GERER LA CAISSE  -VENDRE SUR PLACE ET GERER LES STOCKS..."
AGENT DE FACTURATION,https://www.agenceemploijeunes.ci/site/offres-emplois/43031,19 11 2024,29 11 2024,BOUAKE,"SOUS LA SUPERVISION DE SON SUPERIEUR HIERACHIQUE , LE STAGIAIRE SERA CHARGE DE : -GERER LA CAISSE  -VENDRE SUR PLACE ET GERER LES STOCKS..."
STAGIAIRE EN PATISSERIE,https://www.agenceemploijeunes.ci/site/offres-emplois/43029,19 11 2024,29 11 2024,BOUAKE,"SOUS LA SUPERVISION DE SON SUPERIEUR HIERACHIQUE , LE STAGIAIRE SERA CHARGE DE : -GERER LA CAISSE  -VENDRE SUR PLACE ET GERER LES STOCKS..."
STAGIAIRE SECRETAIRE COMPTABLE,https://www.agenceemploijeunes.ci/site/offres-emplois/43028,19 11 2024,29 11 2024,BOUAKE,"SOUS LA SUPERVISION DE SON SUPERIEUR HIERACHIQUE , LE STAGIAIRE SERA CHARGE DE : -GERER LA CAISSE  -VENDRE SUR PLACE ET GERER LES STOCKS..."
ASSISTANT COMPTABLE,https://www.agenceemploijeunes.ci/site/offres-emplois/43027,19 11 2024,29 11 2024,BOUAKE,"SOUS LA SUPERVISION DE SON SUPERIEUR HIERACHIQUE , LE STAGIAIRE SERA CHARGE DE : -GERER LA CAISSE  -VENDRE SUR PLACE ET GERER LES STOCKS..."
STAGIAIRES COMMERCIAUX,https://www.agenceemploijeunes.ci/site/offres-emplois/43026,19 11 2024,29 11 2024,BOUAKE,"SOUS LA SUPERVISION DE SON SUPERIEUR HIERACHIQUE , LE STAGIAIRE SERA CHARGE DE : -GERER LA CAISSE  -VENDRE SUR PLACE ET GERER LES STOCKS..."
STAGIAIRE ADMINISTRATIF,https://www.agenceemploijeunes.ci/site/offres-emplois/43025,19 11 2024,29 11 2024,BOUAKE,"SOUS LA SUPERVISION DE SON SUPERIEUR HIERACHIQUE , LE STAGIAIRE SERA CHARGE DE : -GERER LA CAISSE  -VENDRE SUR PLACE ET GERER LES STOCKS..."
STAGIAIRE COMPTABLE,https://www.agenceemploijeunes.ci/site/offres-emplois/43024,19 11 2024,29 11 2024,BOUAKE,"SOUS LA SUPERVISION DE SON SUPERIEUR HIERACHIQUE , LE STAGIAIRE SERA CHARGE DE : -GERER LA CAISSE  -VENDRE SUR PLACE ET GERER LES STOCKS..."
GESTIONNAIRE DES COLLECTIVITES TERRITORIALES,https://www.agenceemploijeunes.ci/site/offres-emplois/43022,19 11 2024,29 11 2024,BOUAKE,"SOUS LA SUPERVISION DE SON SUPERIEUR HIERACHIQUE , LE STAGIAIRE SERA CHARGE DE : -GERER LA CAISSE  -VENDRE SUR PLACE ET GERER LES STOCKS..."
CHAUFFEUR,https://www.agenceemploijeunes.ci/site/offres-emplois/43020,19 11 2024,29 11 2024,BOUAKE,"SOUS LA SUPERVISION DE SON SUPERIEUR HIERACHIQUE , LE STAGIAIRE SERA CHARGE DE : -GERER LA CAISSE  -VENDRE SUR PLACE ET GERER LES STOCKS..."
Stagiaire comptable,https://www.agenceemploijeunes.ci/site/offres-emplois/43018,19 11 2024,25 11 2024,Anyama PK1.,- Tenue de la comptabilité - Déclaration fiscale
Stagiaire logisticien,https://www.agenceemploijeunes.ci/site/offres-emplois/43017,19 11 2024,25 11 2024,Anyama PK1.,- Tenue de la comptabilité - Déclaration fiscale
STAGIAIRE PROFESSEUR DE FRANCAIS,https://www.agenceemploijeunes.ci/site/offres-emplois/43016,19 11 2024,25 11 2024,Anyama PK1.,- Tenue de la comptabilité - Déclaration fiscale
STAGIAIRE PROFESSEUR D'HISTOIRE GEOGRAPHIE,https://www.agenceemploijeunes.ci/site/offres-emplois/43015,19 11 2024,25 11 2024,Anyama PK1.,- Tenue de la comptabilité - Déclaration fiscale
STAGIAIRE INFORMATICIEN,https://www.agenceemploijeunes.ci/site/offres-emplois/43014,19 11 2024,25 11 2024,Anyama PK1.,- Tenue de la comptabilité - Déclaration fiscale
STAGIAIRE PROFESSEUR D'ANGLAIS,https://www.agenceemploijeunes.ci/site/offres-emplois/43013,19 11 2024,25 11 2024,Anyama PK1.,- Tenue de la comptabilité - Déclaration fiscale
STAGIAIRE EN GESTION DES COLLECTIVITES,https://www.agenceemploijeunes.ci/site/offres-emplois/43012,19 11 2024,25 11 2024,Anyama PK1.,- Tenue de la comptabilité - Déclaration fiscale
STAGIAIRE EN ORIENTATION PROFESSIONNEL,https://www.agenceemploijeunes.ci/site/offres-emplois/43011,19 11 2024,25 11 2024,Anyama PK1.,- Tenue de la comptabilité - Déclaration fiscale
STAGIAIRE INFORMATICIEN,https://www.agenceemploijeunes.ci/site/offres-emplois/43010,19 11 2024,25 11 2024,Anyama PK1.,- Tenue de la comptabilité - Déclaration fiscale
COMPTABLE,https://www.agenceemploijeunes.ci/site/offres-emplois/43008,19 11 2024,25 11 2024,Anyama PK1.,- Tenue de la comptabilité - Déclaration fiscale
